date,season,neutral,playoff,team1,team2,elo1_pre,elo2_pre,elo_prob1,elo_prob2,elo1_post,elo2_post,qbelo1_pre,qbelo2_pre,qb1,qb2,qb1_value_pre,qb2_value_pre,qb1_adj,qb2_adj,qbelo_prob1,qbelo_prob2,qb1_game_value,qb2_game_value,qb1_value_post,qb2_value_post,qbelo1_post,qbelo2_post,score1,score2,quality,importance,total_rating
2022-09-08,2022,0,,LAR,BUF,1614.76143599795,1614.24676177117,0.5931813787758958,0.40681862122410417,1576.96490149067,1652.04329627845,1582.71223642666,1613.25288918457,Matthew Stafford,Josh Allen,200.2836903491843,259.6063353546521,5.938707860551617,9.144750317068441,0.534145229764987,0.465854770235013,-47.5024361297541,402.1494201135081,175.50507770129047,273.8606438305377,1549.33034693542,1646.63477867581,10,31,91,59,75
2022-09-11,2022,0,,CAR,CLE,1411.40119899043,1502.03875043257,0.46317141828332503,0.5368285817166749,1401.34151262844,1512.09843679456,1416.66449235436,1487.83588672495,Baker Mayfield,Jacoby Brissett,90.51579537901989,117.77204693098777,-7.263887853602821,-77.0298655155569,0.570080857866616,0.429919142133384,90.30934243672671,73.18020697603275,90.49515008479058,113.31286293549225,1403.85307471063,1500.64730436868,24,26,10,48,29
2022-09-11,2022,0,,ATL,NO,1436.67170851276,1543.81503771998,0.4396465826911515,0.5603534173088485,1430.6914705183,1549.79527571444,1379.24462793033,1516.08500906595,Marcus Mariota,Jameis Winston,111.53247017396977,151.06922636030774,-12.435739409118641,3.305973990349124,0.357017052673675,0.642982947326325,314.3912959659701,151.83252958772778,131.81835275316982,151.14555668304973,1374.51504051891,1520.81459647737,26,27,19,54,37
2022-09-11,2022,0,,NYJ,BAL,1364.98338141478,1508.98821889838,0.3882228854211141,0.611777114578886,1344.20201906322,1529.76958124994,1391.09463664916,1546.00671130851,Joe Flacco,Lamar Jackson,110.24237276021012,162.7129343543091,19.852513677280008,-3.618196122654303,0.384030838612477,0.615969161387523,116.17680299510107,112.20714601084363,110.8358157836992,157.66235551996257,1370.56534769723,1566.53600026044,9,24,34,51,43
2022-09-11,2022,0,,CHI,SF,1444.50838698149,1576.15210479743,0.4052511835666746,0.5947488164333254,1472.75319066956,1547.90730110936,1412.47967018654,1563.0091059397,Justin Fields,Trey Lance,111.23836878613633,119.82545972588234,-2.072400384357278,-7.6746208048511155,0.374891278536016,0.625108721463984,40.61000909066673,19.89750196902141,104.17553281658937,109.83266395019625,1442.47811072148,1533.01066540476,19,10,37,59,48
2022-09-11,2022,0,,MIA,NE,1539.979483061,1537.002980919,0.596596619736076,0.40340338026392397,1560.63340273113,1516.34906124887,1518.3807744429,1513.69295929324,Tua Tagovailoa,Mac Jones,139.17647157738259,143.53664204321706,-0.5386741705870797,0.1490076408644967,0.582122815309695,0.417877184690305,179.5618019139407,122.14855476353144,143.2150046110384,141.39783331524848,1539.87420725679,1492.19952647935,20,7,56,85,71
2022-09-11,2022,0,,CIN,PIT,1558.19328503614,1510.14351011963,0.6571832421460169,0.34281675785398313,1538.98526841849,1529.35152673728,1550.25112575694,1473.26120029972,Joe Burrow,Mitch Trubisky,173.65012566931028,168.2780694966251,3.7427513420444467,3.3467564630662783,0.675155406851924,0.324844593148076,23.319530122991846,111.57543287486673,158.61706611467844,162.60780583444927,1530.38415296829,1493.12817308837,20,23,56,75,66
2022-09-11,2022,0,,DET,PHI,1406.13562557821,1502.21279354112,0.4553952549119382,0.5446047450880618,1393.68526175694,1514.66315736239,1412.4267934374,1532.60381138675,Jared Goff,Jalen Hurts,155.55500503284225,157.96689302101785,1.969274023783444,0.63507977857533,0.402830224809142,0.597169775190858,119.75532190544999,258.10087453045924,151.97503672010302,167.98029117196197,1401.59469996716,1543.43590485699,35,38,33,64,49
2022-09-11,2022,0,,WSH,JAX,1465.28936483139,1351.45583260408,0.7368089744164439,0.2631910255835561,1474.76225461495,1341.98294282052,1480.76751500582,1397.9037557389,Carson Wentz,Trevor Lawrence,124.46551666801427,107.34721718780565,-3.807755567211083,-4.067562205120586,0.684329285790453,0.315670714209547,238.0096231606668,81.26665733709501,135.81992731727954,104.73916120273456,1492.34547870265,1386.32579204207,28,22,18,41,30
2022-09-11,2022,0,,HOU,IND,1409.74187854811,1542.90415000834,0.40314604156244493,0.5968539584375551,1412.69577666966,1539.95025188679,1371.55869866541,1545.50150625399,Davis Mills,Matt Ryan,134.59244880604578,118.4347207943965,-8.048067601616774,-6.6340794729551105,0.329787483362109,0.67021251663789,144.69426376298253,184.0287799683808,135.60263030173945,124.99412671179493,1376.74992100957,1540.31028390983,20,20,21,51,36
2022-09-11,2022,0,,MIN,GB,1513.63356703665,1589.40352505295,0.4845057470175882,0.5154942529824118,1542.98737061431,1560.04972147529,1526.6592102796,1591.07824034508,Kirk Cousins,Aaron Rodgers,191.17377361341929,248.1146794150794,2.46142994083899,11.518811324517408,0.465846848621898,0.534153151378102,286.5916258573493,-15.85786051325487,200.71555883781227,221.71742542224595,1557.25719111153,1560.48025951315,23,7,79,93,86
2022-09-11,2022,0,,ARI,KC,1501.69003139828,1628.56799982369,0.4118801803967115,0.5881198196032885,1476.22667495643,1654.03135626554,1497.99441266337,1590.28885810222,Kyler Murray,Patrick Mahomes,187.7730676838445,259.40384562862505,-0.3398636570323639,9.404347839986544,0.429777091775335,0.570222908224665,177.22683567660027,491.3088204962915,186.7184444831201,282.59434311539167,1471.27392051646,1617.00935024913,21,44,72,64,68
2022-09-11,2022,0,,TEN,NYG,1556.04774903101,1385.81220250325,0.7948031410811032,0.20519685891889683,1543.71024748667,1398.14970404759,1527.28269090643,1426.39442940175,Ryan Tannehill,Daniel Jones,141.52935964055328,126.88449597750399,-6.102475594290238,8.807214443338742,0.688387741332109,0.311612258667891,228.30831429915628,98.32903991486103,150.20725510641358,124.0289503712397,1517.10247993798,1436.5746403702,20,21,36,50,43
2022-09-11,2022,0,,LAC,OAK,1505.25930678851,1492.96218336345,0.6094397891685934,0.3905602108314066,1518.78005370816,1479.4414364438,1543.48706976483,1500.82709643146,Justin Herbert,Derek Carr,216.82217673489347,146.44680152889367,5.143515287885009,-5.845621560409305,0.644370148258628,0.355629851741372,328.72170518646294,-16.4338539410463,228.01212958005044,130.15873598189967,1555.65981669693,1488.65434949936,24,19,59,79,69
2022-09-11,2022,0,,DAL,TB,1561.77392100893,1610.01527758529,0.5240989396276609,0.47590106037233915,1531.84827828739,1639.94092030683,1555.06328100287,1595.98478394211,Dak Prescott,Tom Brady,198.65704456924655,238.11224882537795,1.5142204415784462,9.346143194306832,0.505245765174673,0.494754234825327,-45.52646123122383,109.25648338793694,174.2386939891995,225.22667228163388,1526.38638426966,1624.66168067532,3,19,84,67,76
2022-09-12,2022,0,,SEA,DEN,1526.98570880834,1447.13549014476,0.6971630738261755,0.3028369261738245,1530.92458073907,1443.19661821403,1433.30832623957,1519.42878538183,Geno Smith,Russell Wilson,132.11496129317538,164.0861534073191,-10.410549131020515,7.18544125218446,0.427179766155465,0.572820233844535,232.95534926491638,243.48673952005885,142.1990000903495,172.02621201859307,1441.43761610135,1511.29949552005,17,16,34,60,47
2022-09-15,2022,0,,KC,LAC,1654.03135626554,1518.78005370816,0.7600108800577915,0.2399891199422085,1660.13013633389,1512.68127363981,1617.00935024913,1555.65981669693,Patrick Mahomes,Justin Herbert,282.5943431153918,228.01212958005044,20.52937919137051,10.481315946069252,0.673203411741467,0.326796588258533,225.58412977163115,248.19178490839525,276.8933217810157,230.03009511288494,1625.58092129609,1547.08824564997,27,24,90,92,91
2022-09-18,2022,0,,NYG,CAR,1398.14970404759,1401.34151262844,0.5880225179755282,0.4119774820244718,1409.26000541879,1390.23121125724,1436.5746403702,1403.85307471063,Daniel Jones,Baker Mayfield,124.02895037123974,90.49515008479044,6.939080918039813,-6.911016108037466,0.636591309453944,0.363408690546056,92.58748764285602,77.92918959982332,120.88480409840137,89.23855403629373,1446.22335455338,1394.20436052745,19,16,13,53,33
2022-09-18,2022,0,,NO,TB,1549.79527571444,1639.94092030683,0.463875561422973,0.536124438577027,1527.80017583472,1661.93602018655,1520.81459647737,1624.66168067532,Jameis Winston,Tom Brady,151.1455566830497,225.22667228163397,3.1788404522027918,2.436047762719524,0.424998504346616,0.575001495653384,-89.15384715403748,102.9480221832965,127.11561629934101,212.99880727180022,1500.90772305067,1644.56855410202,10,20,82,93,88
2022-09-18,2022,0,,CLE,NYJ,1512.09843679456,1344.20201906322,0.7925983831413874,0.20740161685861258,1499.8097891911,1356.49066666668,1500.64730436868,1370.56534769723,Jacoby Brissett,Joe Flacco,113.3128629354922,110.83581578369916,-75.40796423752681,19.156609505160603,0.621018048932577,0.378981951067423,211.17307972592633,318.08016633051545,123.09888461453562,131.5602508383808,1491.68880812108,1379.52384394483,30,31,9,38,24
2022-09-18,2022,0,,JAX,IND,1341.98294282052,1539.95025188679,0.31747038941784744,0.6825296105821526,1388.74903181728,1493.18416289003,1386.32579204207,1540.31028390983,Trevor Lawrence,Matt Ryan,104.73916120273451,124.99412671179489,-5.1682120874000175,-3.0226725406082613,0.353794067798617,0.646205932201383,316.6158415904583,-199.62456698174165,125.92682924150688,92.53225734244123,1430.00461050125,1496.63146545065,24,0,26,60,43
2022-09-18,2022,0,,PIT,NE,1529.35152673728,1516.34906124887,0.6104057972244826,0.3895942027755174,1511.8053739069,1533.89521407925,1493.12817308837,1492.19952647935,Mitch Trubisky,Mac Jones,162.60780583444915,141.3978333152484,0.3442868088247586,-0.9278471051632173,0.575340700255205,0.424659299744795,57.69000283386879,159.72984463246732,152.1160255343911,143.23103444697028,1476.78443535538,1508.54326421234,14,17,45,74,60
2022-09-18,2022,0,,BAL,MIA,1529.76958124994,1560.63340273113,0.5489684402070089,0.45103155979299114,1511.82046232936,1578.58252165171,1566.53600026044,1539.87420725679,Lamar Jackson,Tua Tagovailoa,157.6623555199625,143.21500461103835,-5.962575733694912,1.5075260547702192,0.601674352828873,0.398325647171127,637.0774180409792,473.0042538609696,205.60386177206416,176.19392953603148,1546.51686973589,1559.89333778134,38,42,74,78,76
2022-09-18,2022,0,,DET,WSH,1393.68526175694,1474.76225461495,0.4768798468540971,0.5231201531459029,1417.95317832347,1450.49433804842,1401.59469996716,1492.34547870265,Jared Goff,Carson Wentz,151.97503672010316,135.8199273172797,0.08082616622486966,2.0598375357822967,0.439220090182892,0.560779909817108,201.90961548586517,189.06212181956118,156.96849459667936,141.14414676750783,1427.92760391256,1466.01257475725,36,27,21,63,42
2022-09-18,2022,0,,SF,SEA,1547.90730110936,1530.92458073907,0.6158405719244223,0.3841594280755777,1570.45857087663,1508.3733109718,1533.01066540476,1441.43761610135,Trey Lance,Geno Smith,109.8326639501962,142.1990000903495,-12.287287652451582,-4.84800227588259,0.685737183537579,0.314262816462421,18.098693559680907,104.8757996517584,100.65926691114468,138.4666800464904,1551.03571427242,1423.41256723369,27,7,36,77,57
2022-09-18,2022,0,,LAR,ATL,1576.96490149067,1430.6914705183,0.771391947654175,0.22860805234582504,1583.67875663439,1423.97761537458,1549.33034693542,1374.51504051891,Matthew Stafford,Marcus Mariota,175.50507770129036,131.8183527531697,-6.747533856423028,-1.6710111490627504,0.786169520608555,0.213830479391445,201.29719412396648,68.83824012345754,178.08428934355797,125.5203414901985,1555.57162797895,1368.27375947538,31,27,24,31,28
2022-09-18,2022,0,,DEN,HOU,1443.19661821403,1412.69577666966,0.6340768992690469,0.36592310073095313,1457.78179720842,1398.11059767527,1511.29949552005,1376.74992100957,Russell Wilson,Davis Mills,172.02621201859301,135.60263030173957,10.796198495212007,-7.1405734736889315,0.764648853184904,0.235351146815096,-23.866368014413318,-20.616127182704428,152.43695401529237,119.9807545532952,1520.25427956387,1367.79513696575,16,9,20,33,27
2022-09-18,2022,0,,OAK,ARI,1479.4414364438,1476.22667495643,0.5969266610907689,0.40307333890923114,1455.46674725315,1500.20136414708,1488.65434949936,1471.27392051646,Derek Carr,Kyler Murray,130.15873598189978,186.7184444831201,-13.697373255885665,-0.850182074543008,0.577348588726415,0.422651411273585,218.54967048710233,225.79191094276476,138.99782943242005,190.62579112908455,1465.61762397948,1494.31064603634,23,29,34,51,43
2022-09-18,2022,0,,DAL,CIN,1531.84827828739,1538.98526841849,0.5825101213853225,0.41748987861467746,1543.12691207908,1527.7066346268,1526.38638426966,1530.38415296829,Cooper Rush,Joe Burrow,17.02257642959844,158.61706611467835,-167.98678343012506,-3.9609160023737693,0.338962264548264,0.661037735451736,160.7429522467484,100.12995023416505,31.394614011313433,152.768354526627,1545.73468878877,1511.03584844918,20,17,19,53,36
2022-09-18,2022,0,,GB,CHI,1560.04972147529,1472.75319066956,0.70613569405987,0.29386430594013,1575.93742589285,1456.865486252,1560.48025951315,1442.47811072148,Aaron Rodgers,Justin Fields,221.71742542224595,104.17553281658952,-2.2557562381252536,-5.500198349912633,0.727584067740743,0.272415932259257,204.6589178861954,-10.251664419893126,220.01157466864092,92.73281309294127,1575.09427501588,1427.86409521875,27,10,46,67,57
2022-09-19,2022,0,,BUF,TEN,1652.04329627845,1543.71024748667,0.7306229067622005,0.26937709323779946,,,,,Josh Allen,Ryan Tannehill,273.8606438305376,150.20725510641344,15.814667039157666,-1.45840408164562,0.7576191784485692,0.24238082155143081,,,"","",,,,,86,42,64
2022-09-19,2022,0,,PHI,MIN,1514.66315736239,1542.98737061431,0.5525855210291255,0.4474144789708745,,,,,Jalen Hurts,Kirk Cousins,167.98029117196205,200.71555883781235,5.610024865118869,7.109251055993457,0.5534718731603047,0.44652812683969534,,,"","",,,,,76,66,71
2022-09-22,2022,0,,CLE,PIT,1499.8097891911,1511.8053739069,0.5756931608708925,0.4243068391291075,,,,,Jacoby Brissett,Mitch Trubisky,123.0988846145355,152.11602553439093,-66.7445551861288,-4.918817681645673,0.5031868083311486,0.4968131916688514,,,"","",,,,,22,81,52
2022-09-25,2022,0,,CHI,HOU,1456.865486252,1398.11059767527,0.6709291364122651,0.32907086358773485,,,,,Justin Fields,Davis Mills,92.73281309294111,119.98075455329534,-10.946548294241335,-14.594482674226612,0.6612406760275233,0.33875932397247666,,,"","",,,,,4,29,17
2022-09-25,2022,0,,NE,BAL,1533.89521407925,1511.82046232936,0.6227512937472273,0.37724870625277274,,,,,Mac Jones,Lamar Jackson,143.23103444697034,205.60386177206433,0.03514581595601598,18.30630617904098,0.4910786734531068,0.5089213265468933,,,"","",,,,,67,84,76
2022-09-25,2022,0,,MIA,BUF,1578.58252165171,1652.04329627845,0.48782637286246183,0.5121736271375381,,,,,Tua Tagovailoa,Josh Allen,176.19392953603153,273.8606438305376,17.92161221452834,15.814667039157666,0.45508821600776933,0.5449117839922306,,,"","",,,,,93,97,95
2022-09-25,2022,0,,CAR,NO,1390.23121125724,1527.80017583472,0.39705754525506537,0.6029424547449347,,,,,Baker Mayfield,Jameis Winston,89.23855403629385,127.1156162993409,-7.193763326883877,-8.995071762261743,0.42343261240376956,0.5765673875962305,,,"","",,,,,19,54,37
2022-09-25,2022,0,,TEN,OAK,1543.71024748667,1455.46674725315,0.7072655884382374,0.2927344115617626,,,,,Ryan Tannehill,Derek Carr,150.20725510641344,138.99782943241996,-1.45840408164562,-8.59295786783149,0.6579274015168598,0.3420725984831402,,,"","",,,,,41,52,47
2022-09-25,2022,0,,WSH,PHI,1450.49433804842,1514.66315736239,0.501196162878797,0.498803837121203,,,,,Carson Wentz,Jalen Hurts,141.14414676750795,167.98029117196205,4.618955384107354,5.610024865118869,0.45796032012162274,0.5420396798783773,,,"","",,,,,53,88,71
2022-09-25,2022,0,,IND,KC,1493.18416289003,1660.13013633389,0.35735835061988686,0.6426416493801131,,,,,Matt Ryan,Patrick Mahomes,92.53225734244107,276.8933217810157,-19.102473598254758,16.6523995646141,0.3412782391774053,0.6587217608225947,,,"","",,,,,75,55,65
2022-09-25,2022,0,,MIN,DET,1542.98737061431,1417.95317832347,0.7491200561336138,0.25087994386638623,,,,,Kirk Cousins,Jared Goff,200.71555883781235,156.96849459667925,7.109251055993457,2.573513796201474,0.7433180415761819,0.25668195842381814,,,"","",,,,,46,61,54
2022-09-25,2022,0,,NYJ,CIN,1356.49066666668,1527.7066346268,0.3517334611235412,0.6482665388764588,,,,,Joe Flacco,Joe Burrow,131.56025083838077,152.76835452662715,28.560996557243364,-6.687225996280516,0.4351426993594576,0.5648573006405424,,,"","",,,,,25,38,32
2022-09-25,2022,0,,LAC,JAX,1512.68127363981,1388.74903181728,0.7479260116164659,0.2520739883835341,,,,,"",Trevor Lawrence,190.69324604899404,125.92682924150702,-28.370616148707708,5.68403253635645,0.6916271354364015,0.30837286456359847,,,"","",,,,,36,64,50
2022-09-25,2022,0,,SEA,ATL,1508.3733109718,1423.97761537458,0.7026587226074313,0.29734127739256866,,,,,Geno Smith,Marcus Mariota,138.46668004649038,125.5203414901986,-6.471762184017911,-4.736466223095086,0.6542596810418239,0.34574031895817614,,,"","",,,,,5,27,16
2022-09-25,2022,0,,TB,GB,1661.93602018655,1575.93742589285,0.7045829083710858,0.29541709162891416,,,,,Tom Brady,Aaron Rodgers,212.9988072718001,220.01157466864092,-3.7996871303334854,-2.9958938030214837,0.6688008811085294,0.3311991188914706,,,"","",,,,,91,69,80
2022-09-25,2022,0,,ARI,LAR,1500.20136414708,1583.67875663439,0.4734339359874886,0.5265660640125114,,,,,Kyler Murray,Matthew Stafford,190.6257911290844,178.08428934355786,1.1460003521663344,-5.120551342468323,0.49292908805630675,0.5070709119436932,,,"","",,,,,60,88,74
2022-09-25,2022,0,,DEN,SF,1457.78179720842,1570.45857087663,0.4318150596958398,0.5681849403041602,,,,,Russell Wilson,Jimmy Garoppolo,152.43695401529232,135.02877449578273,0.46175956880096436,18.10988579528336,0.5058030556855525,0.4941969443144475,,,"","",,,,,71,72,72
2022-09-26,2022,0,,NYG,DAL,1409.26000541879,1543.12691207908,0.40217042462391367,0.5978295753760863,,,,,Daniel Jones,Cooper Rush,120.88480409840142,31.394614011313443,5.020053735718559,-152.4014254677614,0.6559940242701688,0.34400597572983116,,,"","",,,,,14,81,48
2022-09-29,2022,0,,CIN,MIA,1527.7066346268,1578.58252165171,0.5203150426904203,0.4796849573095797,,,,,Joe Burrow,Tua Tagovailoa,152.76835452662715,176.19392953603153,-6.687225996280516,17.92161221452834,0.46978630075483235,0.5302136992451676,,,"","",,,,,69,66,68
2022-10-02,2022,1,,NO,MIN,1527.80017583472,1542.98737061431,0.4781577797975829,0.5218422202024171,,,,,Jameis Winston,Kirk Cousins,127.1156162993409,200.71555883781235,-8.995071762261743,7.109251055993457,0.39721627852173363,0.6027837214782663,,,"","",,,,,62,80,71
2022-10-02,2022,0,,DAL,WSH,1543.12691207908,1450.49433804842,0.712469064718477,0.28753093528152296,,,,,Cooper Rush,Carson Wentz,31.394614011313443,141.14414676750795,-152.4014254677614,4.618955384107354,0.4658227968962458,0.5341772031037542,,,"","",,,,,17,87,52
2022-10-02,2022,0,,DET,SEA,1417.95317832347,1508.3733109718,0.4634826258325061,0.5365173741674939,,,,,Jared Goff,Geno Smith,156.96849459667925,138.46668004649038,2.573513796201474,-6.471762184017911,0.5993675547850633,0.4006324452149367,,,"","",,,,,14,59,37
2022-10-02,2022,0,,HOU,LAC,1398.11059767527,1512.68127363981,0.4291422148246013,0.5708577851753986,,,,,Davis Mills,"",119.98075455329534,208.39482812774503,-14.594482674226612,-10.669034069956696,0.3223956192799721,0.6776043807200278,,,"","",,,,,19,44,32
2022-10-02,2022,0,,NYG,CHI,1409.26000541879,1456.865486252,0.5250118310282657,0.47498816897173435,,,,,Daniel Jones,Justin Fields,120.88480409840142,92.73281309294111,5.020053735718559,-10.946548294241335,0.6210645924267201,0.3789354075732799,,,"","",,,,,18,73,46
2022-10-02,2022,0,,BAL,BUF,1511.82046232936,1652.04329627845,0.3934060253571573,0.6065939746428427,,,,,Lamar Jackson,Josh Allen,205.60386177206433,273.8606438305376,18.30630617904098,15.814667039157666,0.4315268524146225,0.5684731475853775,,,"","",,,,,92,75,84
2022-10-02,2022,0,,ATL,CLE,1423.97761537458,1499.8097891911,0.484416297761124,0.5155837022388761,,,,,Marcus Mariota,Jacoby Brissett,125.5203414901986,123.0988846145355,-4.736466223095086,-66.7445551861288,0.4848863718371792,0.5151136281628208,,,"","",,,,,6,33,20
2022-10-02,2022,0,,PHI,JAX,1514.66315736239,1388.74903181728,0.7500708233363432,0.24992917666365677,,,,,Jalen Hurts,Trevor Lawrence,167.98029117196205,125.92682924150702,5.610024865118869,5.68403253635645,0.7211483719727898,0.2788516280272102,,,"","",,,,,43,51,47
2022-10-02,2022,0,,PIT,NYJ,1511.8053739069,1356.49066666668,0.7804401854260375,0.21955981457396245,,,,,Mitch Trubisky,"",152.11602553439093,114.17258156182461,-4.918817681645673,11.173327280687227,0.6801925949833076,0.31980740501669236,,,"","",,,,,16,35,26
2022-10-02,2022,0,,IND,TEN,1493.18416289003,1543.71024748667,0.5208175970983794,0.4791824029016206,,,,,Matt Ryan,Ryan Tannehill,92.53225734244107,150.20725510641344,-19.102473598254758,-1.45840408164562,0.5166386545185712,0.48336134548142884,,,"","",,,,,47,90,69
2022-10-02,2022,0,,CAR,ARI,1390.23121125724,1500.20136414708,0.43564175108676106,0.5643582489132389,,,,,Baker Mayfield,Kyler Murray,89.23855403629385,190.6257911290844,-7.193763326883877,1.1460003521663344,0.42486186468170023,0.5751381353182998,,,"","",,,,,19,49,34
2022-10-02,2022,0,,GB,NE,1575.93742589285,1533.89521407925,0.6493502767705835,0.35064972322941645,,,,,Aaron Rodgers,Mac Jones,220.01157466864092,143.23103444697034,-2.9958938030214837,0.03514581595601598,0.6605335971847409,0.3394664028152591,,,"","",,,,,68,67,68
2022-10-02,2022,0,,OAK,DEN,1455.46674725315,1457.78179720842,0.5892446253535851,0.4107553746464149,,,,,Derek Carr,Russell Wilson,138.99782943241996,152.43695401529232,-8.59295786783149,0.46175956880096436,0.481907336596785,0.518092663403215,,,"","",,,,,42,72,57
2022-10-02,2022,0,,TB,KC,1661.93602018655,1660.13013633389,0.5949737918351302,0.4050262081648698,,,,,Tom Brady,Patrick Mahomes,212.9988072718001,276.8933217810157,-3.7996871303334854,16.6523995646141,0.573339748509601,0.426660251490399,,,"","",,,,,97,60,79
2022-10-03,2022,0,,SF,LAR,1570.45857087663,1583.67875663439,0.5739702951849573,0.42602970481504265,,,,,Jimmy Garoppolo,Matthew Stafford,135.02877449578273,178.08428934355786,18.10988579528336,-5.120551342468323,0.597671952655294,0.40232804734470595,,,"","",,,,,77,93,85
2022-10-06,2022,0,,DEN,IND,1457.78179720842,1493.18416289003,0.5424916800929785,0.45750831990702145,,,,,Russell Wilson,Matt Ryan,152.43695401529232,92.53225734244107,0.46175956880096436,-19.102473598254758,0.634568091040009,0.365431908959991,,,"","",,,,,48,74,61
2022-10-09,2022,1,,GB,NYG,1575.93742589285,1409.26000541879,0.7230161502307481,0.27698384976925194,,,,,Aaron Rodgers,Daniel Jones,220.01157466864092,120.88480409840142,-2.9958938030214837,5.020053735718559,0.667233084993102,0.33276691500689803,,,"","",,,,,53,80,67
2022-10-09,2022,0,,WSH,TEN,1450.49433804842,1543.71024748667,0.45948307784131454,0.5405169221586854,,,,,Carson Wentz,Ryan Tannehill,141.14414676750795,150.20725510641344,4.618955384107354,-1.45840408164562,0.5085849578629407,0.49141504213705933,,,"","",,,,,45,73,59
2022-10-09,2022,0,,BUF,PIT,1652.04329627845,1511.8053739069,0.7652074205723896,0.23479257942761045,,,,,Josh Allen,Mitch Trubisky,273.8606438305376,152.11602553439093,15.814667039157666,-4.918817681645673,0.799197504141966,0.200802495858034,,,"","",,,,,78,41,60
2022-10-09,2022,0,,CLE,LAC,1499.8097891911,1512.68127363981,0.5744610605983843,0.4255389394016157,,,,,Jacoby Brissett,"",123.0988846145355,228.0632526596906,-66.7445551861288,8.999390461988847,0.3947482546964388,0.6052517453035612,,,"","",,,,,42,81,62
2022-10-09,2022,0,,MIN,CHI,1542.98737061431,1456.865486252,0.704730611073898,0.295269388926102,,,,,Kirk Cousins,Justin Fields,200.71555883781235,92.73281309294111,7.109251055993457,-10.946548294241335,0.7571631011463352,0.24283689885366477,,,"","",,,,,42,64,53
2022-10-09,2022,0,,JAX,HOU,1388.74903181728,1398.11059767527,0.5793926283270335,0.42060737167296647,,,,,Trevor Lawrence,Davis Mills,125.92682924150702,119.98075455329534,5.68403253635645,-14.594482674226612,0.6843996369896291,0.31560036301037087,,,"","",,,,,6,45,26
2022-10-09,2022,0,,NO,SEA,1527.80017583472,1508.3733109718,0.6191637067632548,0.38083629323674517,,,,,Jameis Winston,Geno Smith,127.1156162993409,138.46668004649038,-8.995071762261743,-6.471762184017911,0.6813863419927821,0.31861365800721786,,,"","",,,,,25,65,45
2022-10-09,2022,0,,TB,ATL,1661.93602018655,1423.97761537458,0.8511904713013922,0.14880952869860775,,,,,Tom Brady,Marcus Mariota,212.9988072718001,125.5203414901986,-3.7996871303334854,-4.736466223095086,0.8682590592135138,0.13174094078648624,,,"","",,,,,43,14,29
2022-10-09,2022,0,,NE,DET,1533.89521407925,1417.95317832347,0.7391559264066525,0.2608440735933475,,,,,Mac Jones,Jared Goff,143.23103444697034,156.96849459667925,0.03514581595601598,2.573513796201474,0.6777725545860603,0.32222744541393966,,,"","",,,,,32,55,44
2022-10-09,2022,0,,NYJ,MIA,1356.49066666668,1578.58252165171,0.28816900026675835,0.7118309997332417,,,,,"",Tua Tagovailoa,96.78491228526845,176.19392953603153,-6.214341995868935,17.92161221452834,0.2948393553572138,0.7051606446427863,,,"","",,,,,32,40,36
2022-10-09,2022,0,,CAR,SF,1390.23121125724,1570.45857087663,0.3399982532722581,0.6600017467277419,,,,,Baker Mayfield,Jimmy Garoppolo,89.23855403629385,135.02877449578273,-7.193763326883877,18.10988579528336,0.32842194996495755,0.6715780500350425,,,"","",,,,,34,48,41
2022-10-09,2022,0,,LAR,DAL,1583.67875663439,1543.12691207908,0.6473943360635018,0.35260566393649817,,,,,Matthew Stafford,"",178.08428934355786,59.96343000689085,-5.120551342468323,-123.83260947218402,0.7404832028499965,0.25951679715000353,,,"","",,,,,40,69,55
2022-10-09,2022,0,,ARI,PHI,1500.20136414708,1514.66315736239,0.5722216684098854,0.4277783315901146,,,,,Kyler Murray,Jalen Hurts,190.6257911290844,167.98029117196205,1.1460003521663344,5.610024865118869,0.504951054933297,0.49504894506670305,,,"","",,,,,60,79,70
2022-10-09,2022,0,,BAL,CIN,1511.82046232936,1527.7066346268,0.5702134118911767,0.4297865881088233,,,,,Lamar Jackson,Joe Burrow,205.60386177206433,152.76835452662715,18.30630617904098,-6.687225996280516,0.6543188884981582,0.3456811115018418,,,"","",,,,,66,84,75
2022-10-10,2022,0,,KC,OAK,1660.13013633389,1455.46674725315,0.8252467205761955,0.17475327942380448,,,,,Patrick Mahomes,Derek Carr,276.8933217810157,138.99782943241996,16.6523995646141,-8.59295786783149,0.7978404822147804,0.20215951778521957,,,"","",,,,,71,40,56
2022-10-13,2022,0,,CHI,WSH,1456.865486252,1450.49433804842,0.6012905617408829,0.3987094382591171,,,,,Justin Fields,Carson Wentz,92.73281309294111,141.14414676750795,-10.946548294241335,4.618955384107354,0.4962165511263912,0.5037834488736088,,,"","",,,,,20,76,48
2022-10-16,2022,0,,CLE,NE,1499.8097891911,1533.89521407925,0.544372607661504,0.45562739233849603,,,,,Jacoby Brissett,Mac Jones,123.0988846145355,143.23103444697034,-66.7445551861288,0.03514581595601598,0.4529381596358598,0.5470618403641402,,,"","",,,,,31,84,58
2022-10-16,2022,0,,IND,JAX,1493.18416289003,1388.74903181728,0.7261839879336665,0.27381601206633355,,,,,Matt Ryan,Trevor Lawrence,92.53225734244107,125.92682924150702,-19.102473598254758,5.68403253635645,0.6311621990984322,0.3688378009015678,,,"","",,,,,26,83,55
2022-10-16,2022,0,,GB,NYJ,1575.93742589285,1356.49066666668,0.837181821616921,0.162818178383079,,,,,Aaron Rodgers,Zach Wilson,220.01157466864092,81.88119576250614,-2.9958938030214837,-21.118058518631248,0.8216699262270967,0.17833007377290333,,,"","",,,,,27,23,25
2022-10-16,2022,0,,ATL,SF,1423.97761537458,1570.45857087663,0.3848429945821932,0.6151570054178068,,,,,Marcus Mariota,Jimmy Garoppolo,125.5203414901986,135.02877449578273,-4.736466223095086,18.10988579528336,0.2985547232718726,0.7014452767281274,,,"","",,,,,28,40,34
2022-10-16,2022,0,,PIT,TB,1511.8053739069,1661.93602018655,0.3798814609245902,0.6201185390754098,,,,,Mitch Trubisky,Tom Brady,152.11602553439093,212.9988072718001,-4.918817681645673,-3.7996871303334854,0.33806173192789396,0.661938268072106,,,"","",,,,,74,60,67
2022-10-16,2022,0,,NYG,BAL,1409.26000541879,1511.82046232936,0.44615575823108655,0.5538442417689134,,,,,Daniel Jones,Lamar Jackson,120.88480409840142,205.60386177206433,5.020053735718559,18.30630617904098,0.40862452790584036,0.5913754720941596,,,"","",,,,,51,75,63
2022-10-16,2022,0,,NO,CIN,1527.80017583472,1527.7066346268,0.5925962368370928,0.40740376316290716,,,,,Jameis Winston,Joe Burrow,127.1156162993409,152.76835452662715,-8.995071762261743,-6.687225996280516,0.5559916904446125,0.4440083095553875,,,"","",,,,,48,68,58
2022-10-16,2022,0,,MIA,MIN,1578.58252165171,1542.98737061431,0.6408539003866677,0.3591460996133323,,,,,Tua Tagovailoa,Kirk Cousins,176.19392953603153,200.71555883781235,17.92161221452834,7.109251055993457,0.5968132628247697,0.40318673717523035,,,"","",,,,,81,61,71
2022-10-16,2022,0,,LAR,CAR,1583.67875663439,1390.23121125724,0.8157393672323785,0.1842606327676215,,,,,Matthew Stafford,Baker Mayfield,178.08428934355786,89.23855403629385,-5.120551342468323,-7.193763326883877,0.7807345627989115,0.2192654372010885,,,"","",,,,,30,36,33
2022-10-16,2022,0,,SEA,ARI,1508.3733109718,1500.20136414708,0.6037731351233602,0.39622686487663983,,,,,Geno Smith,Kyler Murray,138.46668004649038,190.6257911290844,-6.471762184017911,1.1460003521663344,0.4634884118340291,0.5365115881659709,,,"","",,,,,26,81,54
2022-10-16,2022,0,,KC,BUF,1660.13013633389,1652.04329627845,0.6036559264968617,0.39634407350313827,,,,,Patrick Mahomes,Josh Allen,276.8933217810157,273.8606438305376,16.6523995646141,15.814667039157666,0.5457735953798041,0.4542264046201959,,,"","",,,,,98,93,96
2022-10-16,2022,0,,PHI,DAL,1514.66315736239,1543.12691207908,0.5523869175591579,0.4476130824408421,,,,,Jalen Hurts,"",167.98029117196205,59.96343000689085,5.610024865118869,-123.83260947218402,0.7393060829174473,0.26069391708255274,,,"","",,,,,39,75,57
2022-10-17,2022,0,,LAC,DEN,1512.68127363981,1457.78179720842,0.6660107195257714,0.3339892804742286,,,,,Justin Herbert,Russell Wilson,230.03009511288508,152.43695401529232,10.966232915183333,0.46175956880096436,0.6258466850462382,0.3741533149537618,,,"","",,,,,68,90,79
2022-10-20,2022,0,,ARI,NO,1500.20136414708,1527.80017583472,0.5536176827206196,0.4463823172793804,,,,,Kyler Murray,Jameis Winston,190.6257911290844,127.1156162993409,1.1460003521663344,-8.995071762261743,0.582034899033402,0.417965100966598,,,"","",,,,,45,87,66
2022-10-23,2022,0,,CAR,TB,1390.23121125724,1661.93602018655,0.23327887282332946,0.7667211271766705,,,,,Baker Mayfield,Tom Brady,89.23855403629385,212.9988072718001,-7.193763326883877,-3.7996871303334854,0.2370763873685529,0.7629236126314471,,,"","",,,,,50,38,44
2022-10-23,2022,0,,DAL,DET,1543.12691207908,1417.95317832347,0.7492709909469999,0.2507290090530001,,,,,"",Jared Goff,59.96343000689085,156.96849459667925,-123.83260947218402,2.573513796201474,0.5275113444948745,0.47248865550512553,,,"","",,,,,15,81,48
2022-10-23,2022,0,,JAX,NYG,1388.74903181728,1409.26000541879,0.5636772028601744,0.4363227971398256,,,,,Trevor Lawrence,Daniel Jones,125.92682924150702,120.88480409840142,5.68403253635645,5.020053735718559,0.5523125041124584,0.44768749588754164,,,"","",,,,,21,72,47
2022-10-23,2022,0,,BAL,CLE,1511.82046232936,1499.8097891911,0.6090472327871744,0.39095276721282557,,,,,Lamar Jackson,Jacoby Brissett,205.60386177206433,123.0988846145355,18.30630617904098,-66.7445551861288,0.748857242452527,0.25114275754747295,,,"","",,,,,44,77,61
2022-10-23,2022,0,,CIN,ATL,1527.7066346268,1423.97761537458,0.7253750158185923,0.2746249841814077,,,,,Joe Burrow,Marcus Mariota,152.76835452662715,125.5203414901986,-6.687225996280516,-4.736466223095086,0.7501272761685019,0.24987272383149806,,,"","",,,,,17,21,19
2022-10-23,2022,0,,TEN,IND,1543.71024748667,1493.18416289003,0.6603875175911503,0.33961248240884967,,,,,Ryan Tannehill,Matt Ryan,150.20725510641344,92.53225734244107,-1.45840408164562,-19.102473598254758,0.6568542551556856,0.34314574484431437,,,"","",,,,,47,89,68
2022-10-23,2022,0,,WSH,GB,1450.49433804842,1575.93742589285,0.41388244704228827,0.5861175529577117,,,,,Carson Wentz,Aaron Rodgers,141.14414676750795,220.01157466864092,4.618955384107354,-2.9958938030214837,0.42852319796656346,0.5714768020334365,,,"","",,,,,58,86,72
2022-10-23,2022,0,,DEN,NYJ,1457.78179720842,1356.49066666668,0.7225706101501974,0.2774293898498026,,,,,Russell Wilson,Zach Wilson,152.43695401529232,81.88119576250614,0.46175956880096436,-21.118058518631248,0.7776438467055881,0.22235615329441194,,,"","",,,,,18,36,27
2022-10-23,2022,0,,OAK,HOU,1455.46674725315,1398.11059767527,0.6691489960811268,0.33085100391887323,,,,,Derek Carr,Davis Mills,138.99782943241996,119.98075455329534,-8.59295786783149,-14.594482674226612,0.7122119888547334,0.28778801114526664,,,"","",,,,,8,21,15
2022-10-23,2022,0,,LAC,SEA,1512.68127363981,1508.3733109718,0.5984398550068505,0.4015601449931495,,,,,Justin Herbert,Geno Smith,230.03009511288508,138.46668004649038,10.966232915183333,-6.471762184017911,0.7530183271841181,0.2469816728158819,,,"","",,,,,40,48,44
2022-10-23,2022,0,,SF,KC,1570.45857087663,1660.13013633389,0.4645543213335994,0.5354456786664006,,,,,Jimmy Garoppolo,Patrick Mahomes,135.02877449578273,276.8933217810157,18.10988579528336,16.6523995646141,0.4735874410975472,0.5264125589024529,,,"","",,,,,91,66,79
2022-10-23,2022,0,,MIA,PIT,1578.58252165171,1511.8053739069,0.6810432369588401,0.31895676304115994,,,,,Tua Tagovailoa,Mitch Trubisky,176.19392953603153,152.11602553439093,17.92161221452834,-4.918817681645673,0.7136514765298476,0.2863485234701524,,,"","",,,,,60,66,63
2022-10-24,2022,0,,NE,CHI,1533.89521407925,1456.865486252,0.6937242771633066,0.30627572283669335,,,,,Mac Jones,Justin Fields,143.23103444697034,92.73281309294111,0.03514581595601598,-10.946548294241335,0.6957607278183048,0.3042392721816952,,,"","",,,,,29,57,43
2022-10-27,2022,0,,TB,BAL,1661.93602018655,1511.82046232936,0.7752687835196752,0.2247312164803248,,,,,Tom Brady,Lamar Jackson,212.9988072718001,205.60386177206433,-3.7996871303334854,18.30630617904098,0.676338871047558,0.32366112895244203,,,"","",,,,,90,59,75
2022-10-30,2022,1,,JAX,DEN,1388.74903181728,1457.78179720842,0.40194089382653975,0.5980591061734603,,,,,Trevor Lawrence,Russell Wilson,125.92682924150702,152.43695401529232,5.68403253635645,0.46175956880096436,0.38002148423559884,0.6199785157644011,,,"","",,,,,36,82,59
2022-10-30,2022,0,,ATL,CAR,1423.97761537458,1390.23121125724,0.6384008258839653,0.3615991741160347,,,,,Marcus Mariota,Baker Mayfield,125.5203414901986,89.23855403629385,-4.736466223095086,-7.193763326883877,0.5375047217105471,0.4624952782894529,,,"","",,,,,3,17,10
2022-10-30,2022,0,,NYJ,NE,1356.49066666668,1533.89521407925,0.3436540368850431,0.6563459631149569,,,,,Zach Wilson,Mac Jones,81.88119576250614,143.23103444697034,-21.118058518631248,0.03514581595601598,0.358858209901333,0.641141790098667,,,"","",,,,,16,54,35
2022-10-30,2022,0,,NO,OAK,1527.80017583472,1455.46674725315,0.6879504366613461,0.31204956333865386,,,,,Jameis Winston,Derek Carr,127.1156162993409,138.99782943241996,-8.995071762261743,-8.59295786783149,0.6261772122455225,0.3738227877544775,,,"","",,,,,35,54,45
2022-10-30,2022,0,,DAL,CHI,1543.12691207908,1456.865486252,0.7048977313320243,0.29510226866797573,,,,,"",Justin Fields,95.67445000136232,92.73281309294111,-88.12158947771255,-10.946548294241335,0.6302496389557078,0.36975036104429215,,,"","",,,,,19,76,48
2022-10-30,2022,0,,PHI,PIT,1514.66315736239,1511.8053739069,0.5964321356995312,0.40356786430046876,,,,,Jalen Hurts,Mitch Trubisky,167.98029117196205,152.11602553439093,5.610024865118869,-4.918817681645673,0.7056549223275896,0.29434507767241036,,,"","",,,,,53,56,55
2022-10-30,2022,0,,MIN,ARI,1542.98737061431,1500.20136414708,0.6503245549838534,0.34967544501614656,,,,,Kirk Cousins,Kyler Murray,200.71555883781235,190.6257911290844,7.109251055993457,1.1460003521663344,0.7006445231251354,0.29935547687486463,,,"","",,,,,63,71,67
2022-10-30,2022,0,,DET,MIA,1417.95317832347,1578.58252165171,0.3657514864116276,0.6342485135883724,,,,,Jared Goff,Tua Tagovailoa,156.96849459667925,176.19392953603153,2.573513796201474,17.92161221452834,0.36785162712517283,0.6321483728748272,,,"","",,,,,49,55,52
2022-10-30,2022,0,,HOU,TEN,1398.11059767527,1543.71024748667,0.3860447184715625,0.6139552815284375,,,,,Davis Mills,Ryan Tannehill,119.98075455329534,150.20725510641344,-14.594482674226612,-1.45840408164562,0.34538041903871664,0.6546195809612834,,,"","",,,,,16,54,35
2022-10-30,2022,0,,SEA,NYG,1508.3733109718,1409.26000541879,0.7200505017419463,0.2799494982580537,,,,,Geno Smith,Daniel Jones,138.46668004649038,120.88480409840142,-6.471762184017911,5.020053735718559,0.5344383156505164,0.46556168434948364,,,"","",,,,,18,80,49
2022-10-30,2022,0,,IND,WSH,1493.18416289003,1450.49433804842,0.6501986394718766,0.3498013605281234,,,,,Matt Ryan,Carson Wentz,92.53225734244107,141.14414676750795,-19.102473598254758,4.618955384107354,0.5821118537023585,0.4178881462976415,,,"","",,,,,35,76,56
2022-10-30,2022,0,,LAR,SF,1583.67875663439,1570.45857087663,0.6107038035956956,0.38929619640430435,,,,,Matthew Stafford,Jimmy Garoppolo,178.08428934355786,135.02877449578273,-5.120551342468323,18.10988579528336,0.5804101077312009,0.41958989226879906,,,"","",,,,,77,95,86
2022-10-30,2022,0,,BUF,GB,1652.04329627845,1575.93742589285,0.6925931621537242,0.30740683784627576,,,,,Josh Allen,Aaron Rodgers,273.8606438305376,220.01157466864092,15.814667039157666,-2.9958938030214837,0.7221717931107448,0.27782820688925525,,,"","",,,,,93,50,72
2022-10-31,2022,0,,CLE,CIN,1499.8097891911,1527.7066346268,0.5531936709406222,0.4468063290593778,,,,,Jacoby Brissett,Joe Burrow,123.0988846145355,152.76835452662715,-66.7445551861288,-6.687225996280516,0.45717187995284086,0.5428281200471592,,,"","",,,,,30,82,56
2022-11-03,2022,0,,HOU,PHI,1398.11059767527,1514.66315736239,0.42634962346453,0.57365037653547,,,,,Davis Mills,Jalen Hurts,119.98075455329534,167.98029117196205,-14.594482674226612,5.610024865118869,0.3065714942963643,0.6934285057036357,,,"","",,,,,21,38,30
2022-11-06,2022,0,,NE,IND,1533.89521407925,1493.18416289003,0.6476035142268349,0.35239648577316507,,,,,Mac Jones,Matt Ryan,143.23103444697034,92.53225734244107,0.03514581595601598,-19.102473598254758,0.6170942568045593,0.3829057431954407,,,"","",,,,,45,83,64
2022-11-06,2022,0,,CIN,CAR,1527.7066346268,1390.23121125724,0.7623383076755278,0.2376616923244722,,,,,Joe Burrow,Baker Mayfield,152.76835452662715,89.23855403629385,-6.687225996280516,-7.193763326883877,0.7237988063871914,0.2762011936128086,,,"","",,,,,20,29,25
2022-11-06,2022,0,,ATL,LAC,1423.97761537458,1512.68127363981,0.46594052164324873,0.5340594783567513,,,,,Marcus Mariota,Justin Herbert,125.5203414901986,230.03009511288508,-4.736466223095086,10.966232915183333,0.281153192169531,0.7188468078304691,,,"","",,,,,25,35,30
2022-11-06,2022,0,,DET,GB,1417.95317832347,1575.93742589285,0.3692908314752704,0.6307091685247296,,,,,Jared Goff,Aaron Rodgers,156.96849459667925,220.01157466864092,2.573513796201474,-2.9958938030214837,0.3709505835528005,0.6290494164471996,,,"","",,,,,48,85,67
2022-11-06,2022,0,,NYJ,BUF,1356.49066666668,1652.04329627845,0.2096282599845308,0.7903717400154692,,,,,Zach Wilson,Josh Allen,81.88119576250614,273.8606438305376,-21.118058518631248,15.814667039157666,0.18791764731562385,0.8120823526843761,,,"","",,,,,46,27,37
2022-11-06,2022,0,,CHI,MIA,1456.865486252,1578.58252165171,0.41909502609501204,0.580904973904988,,,,,Justin Fields,Tua Tagovailoa,92.73281309294111,176.19392953603153,-10.946548294241335,17.92161221452834,0.35003835219729296,0.649961647802707,,,"","",,,,,45,58,52
2022-11-06,2022,0,,WSH,MIN,1450.49433804842,1542.98737061431,0.4605167229300501,0.5394832770699499,,,,,Carson Wentz,Kirk Cousins,141.14414676750795,200.71555883781235,4.618955384107354,7.109251055993457,0.44084568124218815,0.5591543187578119,,,"","",,,,,56,83,70
2022-11-06,2022,0,,JAX,OAK,1388.74903181728,1455.46674725315,0.49752802891783243,0.5024719710821676,,,,,Trevor Lawrence,Derek Carr,125.92682924150702,138.99782943241996,5.68403253635645,-8.59295786783149,0.5505260048654829,0.44947399513451713,,,"","",,,,,21,61,41
2022-11-06,2022,0,,ARI,SEA,1500.20136414708,1508.3733109718,0.5810605501737109,0.41893944982628906,,,,,Kyler Murray,Geno Smith,190.6257911290844,138.46668004649038,1.1460003521663344,-6.471762184017911,0.6808411876369584,0.31915881236304156,,,"","",,,,,26,76,51
2022-11-06,2022,0,,TB,LAR,1661.93602018655,1583.67875663439,0.6952235939290984,0.3047764060709016,,,,,Tom Brady,Matthew Stafford,212.9988072718001,178.08428934355786,-3.7996871303334854,-5.120551342468323,0.7005092255439724,0.29949077445602756,,,"","",,,,,88,72,80
2022-11-06,2022,0,,KC,TEN,1660.13013633389,1543.71024748667,0.7396859329745182,0.26031406702548177,,,,,Patrick Mahomes,Ryan Tannehill,276.8933217810157,150.20725510641344,16.6523995646141,-1.45840408164562,0.7619837155094604,0.23801628449053958,,,"","",,,,,83,50,67
2022-11-07,2022,0,,NO,BAL,1527.80017583472,1511.82046232936,0.61447369705717,0.38552630294282997,,,,,Jameis Winston,Lamar Jackson,127.1156162993409,205.60386177206433,-8.995071762261743,18.30630617904098,0.4709136316630268,0.5290863683369732,,,"","",,,,,63,78,71
2022-11-10,2022,0,,CAR,ATL,1390.23121125724,1423.97761537458,0.544856613220619,0.45514338677938104,,,,,Baker Mayfield,Marcus Mariota,89.23855403629385,125.5203414901986,-7.193763326883877,-4.736466223095086,0.6036142772343739,0.3963857227656261,,,"","",,,,,3,17,10
2022-11-13,2022,1,,TB,SEA,1661.93602018655,1508.3733109718,0.7076458843110185,0.2923541156889815,,,,,Tom Brady,Geno Smith,212.9988072718001,138.46668004649038,-3.7996871303334854,-6.471762184017911,0.7838860578632996,0.21611394213670043,,,"","",,,,,59,46,53
2022-11-13,2022,0,,TEN,DEN,1543.71024748667,1457.78179720842,0.7044988560105798,0.2955011439894202,,,,,Ryan Tannehill,Russell Wilson,150.20725510641344,152.43695401529232,-1.45840408164562,0.46175956880096436,0.5326221728895767,0.4673778271104233,,,"","",,,,,58,86,72
2022-11-13,2022,0,,NYG,HOU,1409.26000541879,1398.11059767527,0.6078660912818069,0.3921339087181931,,,,,Daniel Jones,Davis Mills,120.88480409840142,119.98075455329534,5.020053735718559,-14.594482674226612,0.7352242335632092,0.2647757664367908,,,"","",,,,,7,38,23
2022-11-13,2022,0,,BUF,MIN,1652.04329627845,1542.98737061431,0.7314411016619277,0.26855889833807234,,,,,Josh Allen,Kirk Cousins,273.8606438305376,200.71555883781235,15.814667039157666,7.109251055993457,0.7030324189911331,0.2969675810088669,,,"","",,,,,92,50,71
2022-11-13,2022,0,,KC,JAX,1660.13013633389,1388.74903181728,0.873952289126675,0.126047710873325,,,,,Patrick Mahomes,Trevor Lawrence,276.8933217810157,125.92682924150702,16.6523995646141,5.68403253635645,0.8162226199436462,0.1837773800563538,,,"","",,,,,65,38,52
2022-11-13,2022,0,,MIA,CLE,1578.58252165171,1499.8097891911,0.6958519592282233,0.3041480407717767,,,,,Tua Tagovailoa,Jacoby Brissett,176.19392953603153,123.0988846145355,17.92161221452834,-66.7445551861288,0.7390687731414969,0.2609312268585031,,,"","",,,,,47,66,57
2022-11-13,2022,0,,PIT,NO,1511.8053739069,1527.80017583472,0.5700601573541487,0.4299398426458513,,,,,Mitch Trubisky,Jameis Winston,152.11602553439093,127.1156162993409,-4.918817681645673,-8.995071762261743,0.5817427068426114,0.4182572931573886,,,"","",,,,,39,73,56
2022-11-13,2022,0,,CHI,DET,1456.865486252,1417.95317832347,0.6452369079258649,0.35476309207413514,,,,,Justin Fields,Jared Goff,92.73281309294111,156.96849459667925,-10.946548294241335,2.573513796201474,0.5516832419667895,0.44831675803321047,,,"","",,,,,14,74,44
2022-11-13,2022,0,,OAK,IND,1455.46674725315,1493.18416289003,0.5391822919459387,0.4608177080540613,,,,,Derek Carr,Matt Ryan,138.99782943241996,92.53225734244107,-8.59295786783149,-19.102473598254758,0.549571568179605,0.45042843182039505,,,"","",,,,,32,61,47
2022-11-13,2022,0,,GB,DAL,1575.93742589285,1543.12691207908,0.6371562413360428,0.36284375866395724,,,,,Aaron Rodgers,Dak Prescott,220.01157466864092,174.23869398919962,-2.9958938030214837,-9.557345489875257,0.5902215438883607,0.4097784561116393,,,"","",,,,,74,88,81
2022-11-13,2022,0,,LAR,ARI,1583.67875663439,1500.20136414708,0.7015531025991494,0.2984468974008506,,,,,Matthew Stafford,Kyler Murray,178.08428934355786,190.6257911290844,-5.120551342468323,1.1460003521663344,0.6467676928703006,0.35323230712969944,,,"","",,,,,60,90,75
2022-11-13,2022,0,,SF,LAC,1570.45857087663,1512.68127363981,0.6696854928465339,0.3303145071534661,,,,,Jimmy Garoppolo,Justin Herbert,135.02877449578273,230.03009511288508,18.10988579528336,10.966232915183333,0.6214993567793977,0.3785006432206023,,,"","",,,,,78,72,75
2022-11-14,2022,0,,PHI,WSH,1514.66315736239,1450.49433804842,0.6777728552192201,0.32222714478077985,,,,,Jalen Hurts,Carson Wentz,167.98029117196205,141.14414676750795,5.610024865118869,4.618955384107354,0.6757311801911475,0.32426881980885247,,,"","",,,,,53,90,72
2022-11-17,2022,0,,GB,TEN,1575.93742589285,1543.71024748667,0.636379566396271,0.363620433603729,,,,,Aaron Rodgers,Ryan Tannehill,220.01157466864092,150.20725510641344,-2.9958938030214837,-1.45840408164562,0.6498902767786661,0.35010972322133393,,,"","",,,,,70,74,72
2022-11-20,2022,0,,NYG,DET,1409.26000541879,1417.95317832347,0.5803299835987948,0.41967001640120516,,,,,Daniel Jones,Jared Goff,120.88480409840142,156.96849459667925,5.020053735718559,2.573513796201474,0.6012243791545103,0.3987756208454897,,,"","",,,,,20,83,52
2022-11-20,2022,0,,BUF,CLE,1652.04329627845,1499.8097891911,0.777385811061846,0.222614188938154,,,,,Josh Allen,Jacoby Brissett,273.8606438305376,123.0988846145355,15.814667039157666,-66.7445551861288,0.8390789836607309,0.16092101633926914,,,"","",,,,,66,34,50
2022-11-20,2022,0,,BAL,CAR,1511.82046232936,1390.23121125724,0.745374714778526,0.254625285221474,,,,,Lamar Jackson,Baker Mayfield,205.60386177206433,89.23855403629385,18.30630617904098,-7.193763326883877,0.8109331824728947,0.1890668175271053,,,"","",,,,,33,29,31
2022-11-20,2022,0,,ATL,CHI,1423.97761537458,1456.865486252,0.5460819236352749,0.45391807636472514,,,,,Marcus Mariota,Justin Fields,125.5203414901986,92.73281309294111,-4.736466223095086,-10.946548294241335,0.49661420191456673,0.5033857980854333,,,"","",,,,,5,39,22
2022-11-20,2022,0,,IND,PHI,1493.18416289003,1514.66315736239,0.5623062207141476,0.4376937792858524,,,,,Matt Ryan,Jalen Hurts,92.53225734244107,167.98029117196205,-19.102473598254758,5.610024865118869,0.4705271361580226,0.5294728638419774,,,"","",,,,,55,73,64
2022-11-20,2022,0,,NO,LAR,1527.80017583472,1583.67875663439,0.5131237623814024,0.48687623761859755,,,,,Jameis Winston,Matthew Stafford,127.1156162993409,178.08428934355786,-8.995071762261743,-5.120551342468323,0.49545735524064083,0.5045426447593592,,,"","",,,,,59,91,75
2022-11-20,2022,0,,HOU,WSH,1398.11059767527,1450.49433804842,0.5181482810259452,0.48185171897405477,,,,,Davis Mills,Carson Wentz,119.98075455329534,141.14414676750795,-14.594482674226612,4.618955384107354,0.4091758484667395,0.5908241515332605,,,"","",,,,,10,48,29
2022-11-20,2022,0,,NE,NYJ,1533.89521407925,1356.49066666668,0.8014517685209607,0.19854823147903933,,,,,Mac Jones,Zach Wilson,143.23103444697034,81.88119576250614,0.03514581595601598,-21.118058518631248,0.7592556479278537,0.24074435207214628,,,"","",,,,,16,44,30
2022-11-20,2022,0,,DEN,OAK,1457.78179720842,1455.46674725315,0.5956799060506527,0.4043200939493473,,,,,Russell Wilson,Derek Carr,152.43695401529232,138.99782943241996,0.46175956880096436,-8.59295786783149,0.6594561911816761,0.3405438088183239,,,"","",,,,,42,76,59
2022-11-20,2022,0,,LAC,KC,1512.68127363981,1660.13013633389,0.38352480071410044,0.6164751992858996,,,,,Justin Herbert,Patrick Mahomes,230.03009511288508,276.8933217810157,10.966232915183333,16.6523995646141,0.45689219591847663,0.5431078040815234,,,"","",,,,,89,94,92
2022-11-20,2022,0,,MIN,DAL,1542.98737061431,1543.12691207908,0.5922722677986633,0.40772773220133673,,,,,Kirk Cousins,Dak Prescott,200.71555883781235,174.23869398919962,7.109251055993457,-9.557345489875257,0.6136121146004323,0.3863878853995677,,,"","",,,,,73,82,78
2022-11-20,2022,0,,PIT,CIN,1511.8053739069,1527.7066346268,0.5701921259691055,0.4298078740308945,,,,,Mitch Trubisky,Joe Burrow,152.11602553439093,152.76835452662715,-4.918817681645673,-6.687225996280516,0.48880888497235775,0.5111911150276423,,,"","",,,,,42,84,63
2022-11-21,2022,1,,ARI,SF,1500.20136414708,1570.45857087663,0.40024773335840363,0.5997522666415964,,,,,Kyler Murray,Jimmy Garoppolo,190.6257911290844,135.02877449578273,1.1460003521663344,18.10988579528336,0.3955151020973551,0.6044848979026449,,,"","",,,,,65,92,79
2022-11-24,2022,0,,DET,BUF,1417.95317832347,1652.04329627845,0.27421109821760076,0.7257889017823993,,,,,Jared Goff,Josh Allen,156.96849459667925,273.8606438305376,2.573513796201474,15.814667039157666,0.2592355906151652,0.7407644093848348,,,"","",,,,,68,47,58
2022-11-24,2022,0,,DAL,NYG,1543.12691207908,1409.26000541879,0.7585543284096725,0.24144567159032748,,,,,Dak Prescott,Daniel Jones,174.23869398919962,120.88480409840142,-9.557345489875257,5.020053735718559,0.6901999163119955,0.3098000836880045,,,"","",,,,,45,85,65
2022-11-24,2022,0,,MIN,NE,1542.98737061431,1533.89521407925,0.6050396798483642,0.39496032015163585,,,,,Kirk Cousins,Mac Jones,200.71555883781235,143.23103444697034,7.109251055993457,0.03514581595601598,0.651826971816316,0.348173028183684,,,"","",,,,,67,71,69
2022-11-27,2022,0,,TEN,CIN,1543.71024748667,1527.7066346268,0.6145062876559303,0.3854937123440697,,,,,Ryan Tannehill,Joe Burrow,150.20725510641344,152.76835452662715,-1.45840408164562,-6.687225996280516,0.5867869423621425,0.41321305763785754,,,"","",,,,,53,80,67
2022-11-27,2022,0,,CAR,DEN,1390.23121125724,1457.78179720842,0.496329477694601,0.503670522305399,,,,,Baker Mayfield,Russell Wilson,89.23855403629385,152.43695401529232,-7.193763326883877,0.46175956880096436,0.38741735603944494,0.6125826439605551,,,"","",,,,,23,48,36
2022-11-27,2022,0,,JAX,BAL,1388.74903181728,1511.82046232936,0.4171981340228278,0.5828018659771722,,,,,Trevor Lawrence,Lamar Jackson,125.92682924150702,205.60386177206433,5.68403253635645,18.30630617904098,0.42469144683819926,0.5753085531618007,,,"","",,,,,47,82,65
2022-11-27,2022,0,,MIA,HOU,1578.58252165171,1398.11059767527,0.8042465602457199,0.19575343975428006,,,,,Tua Tagovailoa,Davis Mills,176.19392953603153,119.98075455329534,17.92161221452834,-14.594482674226612,0.8505942213215324,0.1494057786784676,,,"","",,,,,27,22,25
2022-11-27,2022,0,,WSH,ATL,1450.49433804842,1423.97761537458,0.6287393960187004,0.37126060398129956,,,,,Carson Wentz,Marcus Mariota,141.14414676750795,125.5203414901986,4.618955384107354,-4.736466223095086,0.7128710186612746,0.28712898133872544,,,"","",,,,,12,40,26
2022-11-27,2022,0,,NYJ,CHI,1356.49066666668,1456.865486252,0.4492667332255357,0.5507332667744643,,,,,Zach Wilson,Justin Fields,81.88119576250614,92.73281309294111,-21.118058518631248,-10.946548294241335,0.4899146210912934,0.5100853789087065,,,"","",,,,,5,39,22
2022-11-27,2022,0,,CLE,TB,1499.8097891911,1661.93602018655,0.36375491115583963,0.6362450888441604,,,,,Deshaun Watson,Tom Brady,228.79583248633287,212.9988072718001,38.95239268566856,-3.7996871303334854,0.38318071718029445,0.6168192828197055,,,"","",,,,,85,68,77
2022-11-27,2022,0,,ARI,LAC,1500.20136414708,1512.68127363981,0.5750119918864971,0.4249880081135029,,,,,Kyler Murray,Justin Herbert,190.6257911290844,230.03009511288508,1.1460003521663344,10.966232915183333,0.48199423120644386,0.5180057687935562,,,"","",,,,,62,79,71
2022-11-27,2022,0,,SEA,OAK,1508.3733109718,1455.46674725315,0.6634540131706613,0.3365459868293387,,,,,Geno Smith,Derek Carr,138.46668004649038,138.99782943241996,-6.471762184017911,-8.59295786783149,0.5531862368182798,0.44681376318172017,,,"","",,,,,18,47,33
2022-11-27,2022,0,,SF,NO,1570.45857087663,1527.80017583472,0.6501574888254218,0.3498425111745782,,,,,Jimmy Garoppolo,Jameis Winston,135.02877449578273,127.1156162993409,18.10988579528336,-8.995071762261743,0.6833148352254413,0.31668516477455866,,,"","",,,,,64,85,75
2022-11-27,2022,0,,KC,LAR,1660.13013633389,1583.67875663439,0.6930164547881468,0.3069835452118532,,,,,Patrick Mahomes,Matthew Stafford,276.8933217810157,178.08428934355786,16.6523995646141,-5.120551342468323,0.6984763931225302,0.3015236068774698,,,"","",,,,,88,61,75
2022-11-27,2022,0,,PHI,GB,1514.66315736239,1575.93742589285,0.5053615530753315,0.4946384469246685,,,,,Jalen Hurts,Aaron Rodgers,167.98029117196205,220.01157466864092,5.610024865118869,-2.9958938030214837,0.5410010558821081,0.4589989441178919,,,"","",,,,,77,85,81
2022-11-28,2022,0,,IND,PIT,1493.18416289003,1511.8053739069,0.5663508020832625,0.4336491979167375,,,,,Matt Ryan,Mitch Trubisky,92.53225734244107,152.11602553439093,-19.102473598254758,-4.918817681645673,0.579417285601631,0.42058271439836903,,,"","",,,,,35,80,58
2022-12-01,2022,0,,NE,BUF,1533.89521407925,1652.04329627845,0.42410483681011785,0.5758951631898821,,,,,Mac Jones,Josh Allen,143.23103444697034,273.8606438305376,0.03514581595601598,15.814667039157666,0.3551143829795191,0.6448856170204809,,,"","",,,,,85,90,88
2022-12-04,2022,0,,MIN,NYJ,1542.98737061431,1356.49066666668,0.8096490492398236,0.19035095076017639,,,,,Kirk Cousins,Zach Wilson,200.71555883781235,81.88119576250614,7.109251055993457,-21.118058518631248,0.8159426903107044,0.18405730968929557,,,"","",,,,,25,24,25
2022-12-04,2022,0,,ATL,PIT,1423.97761537458,1511.8053739069,0.46719540646951574,0.5328045935304843,,,,,Marcus Mariota,Mitch Trubisky,125.5203414901986,152.11602553439093,-4.736466223095086,-4.918817681645673,0.4179105517310872,0.5820894482689127,,,"","",,,,,12,37,25
2022-12-04,2022,0,,BAL,DEN,1511.82046232936,1457.78179720842,0.6649075711576319,0.3350924288423681,,,,,Lamar Jackson,Russell Wilson,205.60386177206433,152.43695401529232,18.30630617904098,0.46175956880096436,0.6385022804658939,0.36149771953410614,,,"","",,,,,69,86,78
2022-12-04,2022,0,,NYG,WSH,1409.26000541879,1450.49433804842,0.5341483014688756,0.4658516985311244,,,,,Daniel Jones,Carson Wentz,120.88480409840142,141.14414676750795,5.020053735718559,4.618955384107354,0.5431841567995171,0.45681584320048285,,,"","",,,,,29,92,61
2022-12-04,2022,0,,PHI,TEN,1514.66315736239,1543.71024748667,0.5515565006425626,0.44844349935743744,,,,,Jalen Hurts,Ryan Tannehill,167.98029117196205,150.20725510641344,5.610024865118869,-1.45840408164562,0.6196821467414734,0.38031785325852663,,,"","",,,,,65,72,69
2022-12-04,2022,0,,CHI,GB,1456.865486252,1575.93742589285,0.4228064591431785,0.5771935408568215,,,,,Justin Fields,Aaron Rodgers,92.73281309294111,220.01157466864092,-10.946548294241335,-2.9958938030214837,0.3523227863716375,0.6476772136283625,,,"","",,,,,43,84,64
2022-12-04,2022,0,,HOU,CLE,1398.11059767527,1499.8097891911,0.4473811695953006,0.5526188304046994,,,,,Davis Mills,Deshaun Watson,119.98075455329534,228.79583248633287,-14.594482674226612,38.95239268566856,0.3284065840349645,0.6715934159650355,,,"","",,,,,18,41,30
2022-12-04,2022,0,,DET,JAX,1417.95317832347,1388.74903181728,0.632343262352989,0.367656737647011,,,,,Jared Goff,Trevor Lawrence,156.96849459667925,125.92682924150702,2.573513796201474,5.68403253635645,0.5669883369398584,0.4330116630601416,,,"","",,,,,17,68,43
2022-12-04,2022,0,,LAR,SEA,1583.67875663439,1508.3733109718,0.6916112950545755,0.3083887049454245,,,,,Matthew Stafford,Geno Smith,178.08428934355786,138.46668004649038,-5.120551342468323,-6.471762184017911,0.7447883212303464,0.25521167876965356,,,"","",,,,,38,73,56
2022-12-04,2022,0,,SF,MIA,1570.45857087663,1578.58252165171,0.5811278051015554,0.4188721948984446,,,,,Jimmy Garoppolo,Tua Tagovailoa,135.02877449578273,176.19392953603153,18.10988579528336,17.92161221452834,0.5719403099808437,0.42805969001915634,,,"","",,,,,82,69,76
2022-12-04,2022,0,,OAK,LAC,1455.46674725315,1512.68127363981,0.5112023222099811,0.4887976777900189,,,,,Derek Carr,Justin Herbert,138.99782943241996,230.03009511288508,-8.59295786783149,10.966232915183333,0.4265305734608731,0.5734694265391269,,,"","",,,,,51,77,64
2022-12-04,2022,0,,CIN,KC,1527.7066346268,1660.13013633389,0.4041697435486616,0.5958302564513385,,,,,Joe Burrow,Patrick Mahomes,152.76835452662715,276.8933217810157,-6.687225996280516,16.6523995646141,0.3772597745505273,0.6227402254494727,,,"","",,,,,81,69,75
2022-12-04,2022,0,,DAL,IND,1543.12691207908,1493.18416289003,0.6596340057357057,0.34036599426429426,,,,,Dak Prescott,Matt Ryan,174.23869398919962,92.53225734244107,-9.557345489875257,-19.102473598254758,0.653788567847462,0.346211432152538,,,"","",,,,,51,73,62
2022-12-05,2022,0,,TB,NO,1661.93602018655,1527.80017583472,0.7588377543496847,0.2411622456503153,,,,,Tom Brady,Jameis Winston,212.9988072718001,127.1156162993409,-3.7996871303334854,-8.995071762261743,0.7591663135002555,0.24083368649974446,,,"","",,,,,78,79,79
2022-12-08,2022,0,,LAR,OAK,1583.67875663439,1455.46674725315,0.7525423339139146,0.24745766608608544,,,,,Matthew Stafford,Derek Carr,178.08428934355786,138.99782943241996,-5.120551342468323,-8.59295786783149,0.6949489870497503,0.3050510129502497,,,"","",,,,,50,55,53
2022-12-11,2022,0,,NYG,PHI,1409.26000541879,1514.66315736239,0.44211588307407934,0.5578841169259207,,,,,Daniel Jones,Jalen Hurts,120.88480409840142,167.98029117196205,5.020053735718559,5.610024865118869,0.4302529809248577,0.5697470190751424,,,"","",,,,,48,94,71
2022-12-11,2022,0,,TEN,JAX,1543.71024748667,1388.74903181728,0.780091306294689,0.21990869370531096,,,,,Ryan Tannehill,Trevor Lawrence,150.20725510641344,125.92682924150702,-1.45840408164562,5.68403253635645,0.6796180930397848,0.3203819069602152,,,"","",,,,,35,91,63
2022-12-11,2022,0,,CIN,CLE,1527.7066346268,1499.8097891911,0.6305919749087917,0.3694080250912083,,,,,Joe Burrow,Deshaun Watson,152.76835452662715,228.79583248633287,-6.687225996280516,38.95239268566856,0.5334506444749069,0.46654935552509313,,,"","",,,,,57,85,71
2022-12-11,2022,0,,DAL,HOU,1543.12691207908,1398.11059767527,0.7701133033734753,0.22988669662652472,,,,,Dak Prescott,Davis Mills,174.23869398919962,119.98075455329534,-9.557345489875257,-14.594482674226612,0.7923091433642268,0.20769085663577325,,,"","",,,,,19,30,25
2022-12-11,2022,0,,DET,MIN,1417.95317832347,1542.98737061431,0.41445355427772995,0.5855464457222701,,,,,Jared Goff,Kirk Cousins,156.96849459667925,200.71555883781235,2.573513796201474,7.109251055993457,0.38274924207270644,0.6172507579272936,,,"","",,,,,46,87,67
2022-12-11,2022,0,,PIT,BAL,1511.8053739069,1511.82046232936,0.5924452590491524,0.40755474095084765,,,,,Mitch Trubisky,Lamar Jackson,152.11602553439093,205.60386177206433,-4.918817681645673,18.30630617904098,0.43773800512607186,0.5622619948739281,,,"","",,,,,57,93,75
2022-12-11,2022,0,,BUF,NYJ,1652.04329627845,1356.49066666668,0.888499774002994,0.11150022599700604,,,,,Josh Allen,Zach Wilson,273.8606438305376,81.88119576250614,15.814667039157666,-21.118058518631248,0.884610499185143,0.115389500814857,,,"","",,,,,46,16,31
2022-12-11,2022,0,,LAC,MIA,1512.68127363981,1578.58252165171,0.4987030027607858,0.5012969972392143,,,,,Justin Herbert,Tua Tagovailoa,230.03009511288508,176.19392953603153,10.966232915183333,17.92161221452834,0.5548366564977265,0.4451633435022735,,,"","",,,,,80,85,83
2022-12-11,2022,0,,SF,TB,1570.45857087663,1661.93602018655,0.4619694821574244,0.5380305178425756,,,,,Jimmy Garoppolo,Tom Brady,135.02877449578273,212.9988072718001,18.10988579528336,-3.7996871303334854,0.48076867862588435,0.5192313213741157,,,"","",,,,,90,88,89
2022-12-11,2022,0,,SEA,CAR,1508.3733109718,1390.23121125724,0.7415903090682825,0.2584096909317175,,,,,Geno Smith,Baker Mayfield,138.46668004649038,89.23855403629385,-6.471762184017911,-7.193763326883877,0.5893213308378832,0.4106786691621168,,,"","",,,,,8,41,25
2022-12-11,2022,0,,DEN,KC,1457.78179720842,1660.13013633389,0.31203113768486646,0.6879688623151335,,,,,Russell Wilson,Patrick Mahomes,152.43695401529232,276.8933217810157,0.46175956880096436,16.6523995646141,0.39980224733482106,0.6001977526651789,,,"","",,,,,84,92,88
2022-12-12,2022,0,,ARI,NE,1500.20136414708,1533.89521407925,0.5449316350363215,0.45506836496367853,,,,,Kyler Murray,Mac Jones,190.6257911290844,143.23103444697034,1.1460003521663344,0.03514581595601598,0.5990258562962668,0.4009741437037332,,,"","",,,,,50,81,66
2022-12-15,2022,0,,SEA,SF,1508.3733109718,1570.45857087663,0.5041945497790953,0.4958054502209047,,,,,Geno Smith,Jimmy Garoppolo,138.46668004649038,135.02877449578273,-6.471762184017911,18.10988579528336,0.3588844356662624,0.6411155643337376,,,"","",,,,,43,81,62
2022-12-18,2022,0,,BUF,MIA,1652.04329627845,1578.58252165171,0.6893418711392001,0.3106581288607999,,,,,Josh Allen,Tua Tagovailoa,273.8606438305376,176.19392953603153,15.814667039157666,17.92161221452834,0.68874487483489,0.31125512516511,,,"","",,,,,93,97,95
2022-12-18,2022,0,,WSH,NYG,1450.49433804842,1409.26000541879,0.6482906434414435,0.3517093565585565,,,,,Carson Wentz,Daniel Jones,141.14414676750795,120.88480409840142,4.618955384107354,5.020053735718559,0.6318807229480662,0.3681192770519338,,,"","",,,,,29,90,60
2022-12-18,2022,0,,NO,ATL,1527.80017583472,1423.97761537458,0.7254822686082767,0.2745177313917233,,,,,Jameis Winston,Marcus Mariota,127.1156162993409,125.5203414901986,-8.995071762261743,-4.736466223095086,0.7367193506471857,0.26328064935281426,,,"","",,,,,15,43,29
2022-12-18,2022,0,,MIN,IND,1542.98737061431,1493.18416289003,0.6594536359272999,0.3405463640727001,,,,,Kirk Cousins,Matt Ryan,200.71555883781235,92.53225734244107,7.109251055993457,-19.102473598254758,0.6565470781891509,0.3434529218108491,,,"","",,,,,58,71,65
2022-12-18,2022,0,,CLE,BAL,1499.8097891911,1511.82046232936,0.5756719443831988,0.4243280556168012,,,,,Deshaun Watson,Lamar Jackson,228.79583248633287,205.60386177206433,38.95239268566856,18.30630617904098,0.5226224846715379,0.47737751532846207,,,"","",,,,,72,92,82
2022-12-18,2022,0,,CHI,PHI,1456.865486252,1514.66315736239,0.510363499994712,0.489636500005288,,,,,Justin Fields,Jalen Hurts,92.73281309294111,167.98029117196205,-10.946548294241335,5.610024865118869,0.4203909330539208,0.5796090669460792,,,"","",,,,,38,79,59
2022-12-18,2022,0,,CAR,PIT,1390.23121125724,1511.8053739069,0.41929526643661746,0.5807047335633826,,,,,Baker Mayfield,Mitch Trubisky,89.23855403629385,152.11602553439093,-7.193763326883877,-4.918817681645673,0.45019822104476204,0.549801778955238,,,"","",,,,,16,46,31
2022-12-18,2022,0,,NYJ,DET,1356.49066666668,1417.95317832347,0.5050906790426123,0.4949093209573877,,,,,Zach Wilson,Jared Goff,81.88119576250614,156.96849459667925,-21.118058518631248,2.573513796201474,0.4690777605781083,0.5309222394218918,,,"","",,,,,6,38,22
2022-12-18,2022,0,,HOU,KC,1398.11059767527,1660.13013633389,0.24339869245220183,0.7566013075477982,,,,,Davis Mills,Patrick Mahomes,119.98075455329534,276.8933217810157,-14.594482674226612,16.6523995646141,0.20284147175198042,0.7971585282480196,,,"","",,,,,40,29,35
2022-12-18,2022,0,,JAX,DAL,1388.74903181728,1543.12691207908,0.3741391121058818,0.6258608878941182,,,,,Trevor Lawrence,Dak Prescott,125.92682924150702,174.23869398919962,5.68403253635645,-9.557345489875257,0.43120560804056357,0.5687943919594365,,,"","",,,,,40,77,59
2022-12-18,2022,0,,DEN,ARI,1457.78179720842,1500.20136414708,0.5324501791972825,0.46754982080271745,,,,,Russell Wilson,Kyler Murray,152.43695401529232,190.6257911290844,0.46175956880096436,1.1460003521663344,0.6080593090121506,0.39194069098784945,,,"","",,,,,52,79,66
2022-12-18,2022,0,,TB,CIN,1661.93602018655,1527.7066346268,0.7589362816048888,0.2410637183951112,,,,,Tom Brady,Joe Burrow,212.9988072718001,152.76835452662715,-3.7996871303334854,-6.687225996280516,0.7471406995601636,0.2528593004398364,,,"","",,,,,81,50,66
2022-12-18,2022,0,,LAC,TEN,1512.68127363981,1543.71024748667,0.5487330355817082,0.45126696441829184,,,,,Justin Herbert,Ryan Tannehill,230.03009511288508,150.20725510641344,10.966232915183333,-1.45840408164562,0.6377176905651242,0.3622823094348758,,,"","",,,,,67,85,76
2022-12-18,2022,0,,OAK,NE,1455.46674725315,1533.89521407925,0.4806844999254353,0.5193155000745646,,,,,Derek Carr,Mac Jones,138.99782943241996,143.23103444697034,-8.59295786783149,0.03514581595601598,0.5094890773546473,0.4905109226453527,,,"","",,,,,39,77,58
2022-12-19,2022,0,,GB,LAR,1575.93742589285,1583.67875663439,0.5816638471021794,0.41833615289782056,,,,,Aaron Rodgers,Matthew Stafford,220.01157466864092,178.08428934355786,-2.9958938030214837,-5.120551342468323,0.6432248895975327,0.35677511040246734,,,"","",,,,,78,87,83
2022-12-22,2022,0,,NYJ,JAX,1356.49066666668,1388.74903181728,0.546980009105841,0.453019990894159,,,,,Zach Wilson,Trevor Lawrence,81.88119576250614,125.92682924150702,-21.118058518631248,5.68403253635645,0.46373457519958144,0.5362654248004186,,,"","",,,,,6,50,28
2022-12-24,2022,0,,BAL,ATL,1511.82046232936,1423.97761537458,0.7067878522219374,0.2932121477780626,,,,,Lamar Jackson,Marcus Mariota,205.60386177206433,125.5203414901986,18.30630617904098,-4.736466223095086,0.8103338538908917,0.18966614610910826,,,"","",,,,,27,27,27
2022-12-24,2022,0,,TEN,HOU,1543.71024748667,1398.11059767527,0.7707072512790364,0.2292927487209636,,,,,Ryan Tannehill,Davis Mills,150.20725510641344,119.98075455329534,-1.45840408164562,-14.594482674226612,0.7739570234185258,0.2260429765814742,,,"","",,,,,16,46,31
2022-12-24,2022,0,,MIN,NYG,1542.98737061431,1409.26000541879,0.7584071801013981,0.24159281989860193,,,,,Kirk Cousins,Daniel Jones,200.71555883781235,120.88480409840142,7.109251055993457,5.020053735718559,0.7220555154058164,0.27794448459418364,,,"","",,,,,51,77,64
2022-12-24,2022,0,,KC,SEA,1660.13013633389,1508.3733109718,0.7769105808236724,0.22308941917632763,,,,,Patrick Mahomes,Geno Smith,276.8933217810157,138.46668004649038,16.6523995646141,-6.471762184017911,0.8336723877251875,0.16632761227481252,,,"","",,,,,59,32,46
2022-12-24,2022,0,,CLE,NO,1499.8097891911,1527.80017583472,0.5530605741389841,0.44693942586101587,,,,,Deshaun Watson,Jameis Winston,228.79583248633287,127.1156162993409,38.95239268566856,-8.995071762261743,0.6281958578582425,0.3718041421417575,,,"","",,,,,54,72,63
2022-12-24,2022,0,,CAR,DET,1390.23121125724,1417.95317832347,0.5534424793298569,0.4465575206701431,,,,,Baker Mayfield,Jared Goff,89.23855403629385,156.96849459667925,-7.193763326883877,2.573513796201474,0.5103770079620847,0.48962299203791526,,,"","",,,,,10,49,30
2022-12-24,2022,0,,NE,CIN,1533.89521407925,1527.7066346268,0.6010385799030299,0.3989614200969701,,,,,Mac Jones,Joe Burrow,143.23103444697034,152.76835452662715,0.03514581595601598,-6.687225996280516,0.579632164437007,0.42036783556299295,,,"","",,,,,52,85,69
2022-12-24,2022,0,,CHI,BUF,1456.865486252,1652.04329627845,0.3209599605952125,0.6790400394047875,,,,,Justin Fields,Josh Allen,92.73281309294111,273.8606438305376,-10.946548294241335,15.814667039157666,0.2455130881021974,0.7544869118978026,,,"","",,,,,64,48,56
2022-12-24,2022,0,,SF,WSH,1570.45857087663,1450.49433804842,0.7435952682558765,0.2564047317441235,,,,,Jimmy Garoppolo,Carson Wentz,135.02877449578273,141.14414676750795,18.10988579528336,4.618955384107354,0.7116947116400271,0.28830528835997293,,,"","",,,,,58,84,71
2022-12-24,2022,0,,DAL,PHI,1543.12691207908,1514.66315736239,0.6313518436852338,0.3686481563147662,,,,,Dak Prescott,Jalen Hurts,174.23869398919962,167.98029117196205,-9.557345489875257,5.610024865118869,0.5588234998435725,0.4411765001564275,,,"","",,,,,70,92,81
2022-12-24,2022,0,,PIT,OAK,1511.8053739069,1455.46674725315,0.6678509669474313,0.3321490330525687,,,,,Mitch Trubisky,Derek Carr,152.11602553439093,138.99782943241996,-4.918817681645673,-8.59295786783149,0.6010558860556932,0.39894411394430684,,,"","",,,,,30,64,47
2022-12-25,2022,0,,MIA,GB,1578.58252165171,1575.93742589285,0.5961374039645986,0.4038625960354014,,,,,Tua Tagovailoa,Aaron Rodgers,176.19392953603153,220.01157466864092,17.92161221452834,-2.9958938030214837,0.5852400182663043,0.41475998173369566,,,"","",,,,,83,69,76
2022-12-25,2022,0,,LAR,DEN,1583.67875663439,1457.78179720842,0.7500522983548721,0.24994770164512792,,,,,Matthew Stafford,Russell Wilson,178.08428934355786,152.43695401529232,-5.120551342468323,0.46175956880096436,0.6155425803737056,0.3844574196262944,,,"","",,,,,67,81,74
2022-12-25,2022,0,,ARI,TB,1500.20136414708,1661.93602018655,0.36427675086771116,0.6357232491322888,,,,,Kyler Murray,Tom Brady,190.6257911290844,212.9988072718001,1.1460003521663344,-3.7996871303334854,0.3740828311815509,0.625917168818449,,,"","",,,,,79,83,81
2022-12-26,2022,0,,IND,LAC,1493.18416289003,1512.68127363981,0.5651120666679805,0.43488793333201947,,,,,Matt Ryan,Justin Herbert,92.53225734244107,230.03009511288508,-19.102473598254758,10.966232915183333,0.4646753520720607,0.5353246479279393,,,"","",,,,,57,87,72
2022-12-29,2022,0,,TEN,DAL,1543.71024748667,1543.12691207908,0.5932767548183642,0.40672324518163583,,,,,Ryan Tannehill,Dak Prescott,150.20725510641344,174.23869398919962,-1.45840408164562,-9.557345489875257,0.5440385509426727,0.4559614490573273,,,"","",,,,,62,80,71
2023-01-01,2022,0,,WSH,CLE,1450.49433804842,1499.8097891911,0.5225565592095891,0.4774434407904109,,,,,Carson Wentz,Deshaun Watson,141.14414676750795,228.79583248633287,4.618955384107354,38.95239268566856,0.4854938651271735,0.5145061348728265,,,"","",,,,,49,78,64
2023-01-01,2022,0,,HOU,JAX,1398.11059767527,1388.74903181728,0.6054102196065034,0.39458978039349657,,,,,Davis Mills,Trevor Lawrence,119.98075455329534,125.92682924150702,-14.594482674226612,5.68403253635645,0.45620928535480676,0.5437907146451932,,,"","",,,,,6,59,33
2023-01-01,2022,0,,KC,DEN,1660.13013633389,1457.78179720842,0.8233165075241895,0.1766834924758105,,,,,Patrick Mahomes,Russell Wilson,276.8933217810157,152.43695401529232,16.6523995646141,0.46175956880096436,0.7296268627399589,0.2703731372600411,,,"","",,,,,84,88,86
2023-01-01,2022,0,,ATL,ARI,1423.97761537458,1500.20136414708,0.48385334352306014,0.5161466564769399,,,,,Marcus Mariota,Kyler Murray,125.5203414901986,190.6257911290844,-4.736466223095086,1.1460003521663344,0.39118251020416034,0.6088174897958396,,,"","",,,,,15,47,31
2023-01-01,2022,0,,TB,CAR,1661.93602018655,1390.23121125724,0.8741574168496021,0.12584258315039787,,,,,Tom Brady,Baker Mayfield,212.9988072718001,89.23855403629385,-3.7996871303334854,-7.193763326883877,0.8522961157868473,0.14770388421315273,,,"","",,,,,50,27,39
2023-01-01,2022,0,,NE,MIA,1533.89521407925,1578.58252165171,0.5291990532650629,0.4708009467349371,,,,,Mac Jones,Tua Tagovailoa,143.23103444697034,176.19392953603153,0.03514581595601598,17.92161221452834,0.47749264465432456,0.5225073553456754,,,"","",,,,,69,88,79
2023-01-01,2022,0,,PHI,NO,1514.66315736239,1527.80017583472,0.5740873588546128,0.4259126411453872,,,,,Jalen Hurts,Jameis Winston,167.98029117196205,127.1156162993409,5.610024865118869,-8.995071762261743,0.6534289770152503,0.34657102298474973,,,"","",,,,,58,84,71
2023-01-01,2022,0,,BAL,PIT,1511.82046232936,1511.8053739069,0.592487201782659,0.407512798217341,,,,,Lamar Jackson,Mitch Trubisky,205.60386177206433,152.11602553439093,18.30630617904098,-4.918817681645673,0.6942079128708603,0.30579208712913974,,,"","",,,,,57,90,74
2023-01-01,2022,0,,NYG,IND,1409.26000541879,1493.18416289003,0.4727928486990713,0.5272071513009287,,,,,Daniel Jones,Matt Ryan,120.88480409840142,92.53225734244107,5.020053735718559,-19.102473598254758,0.5358557215797588,0.4641442784202412,,,"","",,,,,30,83,57
2023-01-01,2022,0,,DET,CHI,1417.95317832347,1456.865486252,0.537472809732468,0.462527190267532,,,,,Jared Goff,Justin Fields,156.96849459667925,92.73281309294111,2.573513796201474,-10.946548294241335,0.5899746664412211,0.4100253335587789,,,"","",,,,,14,80,47
2023-01-01,2022,0,,OAK,SF,1455.46674725315,1570.45857087663,0.42854840901193963,0.5714515909880604,,,,,Derek Carr,Jimmy Garoppolo,138.99782943241996,135.02877449578273,-8.59295786783149,18.10988579528336,0.41200601596481,0.58799398403519,,,"","",,,,,54,62,58
2023-01-01,2022,0,,SEA,NYJ,1508.3733109718,1356.49066666668,0.7770360868637488,0.2229639131362512,,,,,Geno Smith,Zach Wilson,138.46668004649038,81.88119576250614,-6.471762184017911,-21.118058518631248,0.662037673634103,0.33796232636589696,,,"","",,,,,5,30,18
2023-01-01,2022,0,,GB,MIN,1575.93742589285,1542.98737061431,0.6373419262862019,0.3626580737137981,,,,,Aaron Rodgers,Kirk Cousins,220.01157466864092,200.71555883781235,-2.9958938030214837,7.109251055993457,0.5819168359315656,0.4180831640684344,,,"","",,,,,80,97,89
2023-01-01,2022,0,,LAC,LAR,1512.68127363981,1583.67875663439,0.49136978536128556,0.5086302146387145,,,,,Justin Herbert,Matthew Stafford,230.03009511288508,178.08428934355786,10.966232915183333,-5.120551342468323,0.5802943465584505,0.41970565344154953,,,"","",,,,,75,82,79
2023-01-02,2022,0,,CIN,BUF,1527.7066346268,1652.04329627845,0.4154283302687836,0.5845716697312164,,,,,Joe Burrow,Josh Allen,152.76835452662715,273.8606438305376,-6.687225996280516,15.814667039157666,0.3495891386478308,0.6504108613521692,,,"","",,,,,84,65,75
2023-01-08,2022,0,,NO,CAR,1527.80017583472,1390.23121125724,0.7624358525031002,0.2375641474968998,,,,,Jameis Winston,Baker Mayfield,127.1156162993409,89.23855403629385,-8.995071762261743,-7.193763326883877,0.7107504733358184,0.2892495266641816,,,"","",,,,,19,56,38
2023-01-08,2022,0,,CIN,BAL,1527.7066346268,1511.82046232936,0.6143461287646976,0.38565387123530237,,,,,Joe Burrow,Lamar Jackson,152.76835452662715,205.60386177206433,-6.687225996280516,18.30630617904098,0.48546387140911273,0.5145361285908873,,,"","",,,,,66,91,79
2023-01-08,2022,0,,GB,DET,1575.93742589285,1417.95317832347,0.7830620397523318,0.2169379602476682,,,,,Aaron Rodgers,Jared Goff,220.01157466864092,156.96849459667925,-2.9958938030214837,2.573513796201474,0.7506454728824219,0.2493545271175781,,,"","",,,,,48,81,65
2023-01-08,2022,0,,JAX,TEN,1388.74903181728,1543.71024748667,0.3733531510238355,0.6266468489761645,,,,,Trevor Lawrence,Ryan Tannehill,125.92682924150702,150.20725510641344,5.68403253635645,-1.45840408164562,0.45797347556661955,0.5420265244333804,,,"","",,,,,35,94,65
2023-01-08,2022,0,,PHI,NYG,1514.66315736239,1409.26000541879,0.7272906060435534,0.27270939395644656,,,,,Jalen Hurts,Daniel Jones,167.98029117196205,120.88480409840142,5.610024865118869,5.020053735718559,0.6995538140019723,0.30044618599802775,,,"","",,,,,48,90,69
2023-01-08,2022,0,,IND,HOU,1493.18416289003,1398.11059767527,0.7153389908383101,0.2846610091616899,,,,,Matt Ryan,Davis Mills,92.53225734244107,119.98075455329534,-19.102473598254758,-14.594482674226612,0.734188794804885,0.26581120519511503,,,"","",,,,,11,48,30
2023-01-08,2022,0,,SF,ARI,1570.45857087663,1500.20136414708,0.6853789654418002,0.3146210345581998,,,,,Jimmy Garoppolo,Kyler Murray,135.02877449578273,190.6257911290844,18.10988579528336,1.1460003521663344,0.6724075358370308,0.32759246416296917,,,"","",,,,,65,91,78
2023-01-08,2022,0,,BUF,NE,1652.04329627845,1533.89521407925,0.741596908499683,0.25840309150031704,,,,,Josh Allen,Mac Jones,273.8606438305376,143.23103444697034,15.814667039157666,0.03514581595601598,0.7640246576605669,0.23597534233943307,,,"","",,,,,85,81,83
2023-01-08,2022,0,,CHI,MIN,1456.865486252,1542.98737061431,0.46964055726609244,0.5303594427339076,,,,,Justin Fields,Kirk Cousins,92.73281309294111,200.71555883781235,-10.946548294241335,7.109251055993457,0.3634596614922826,0.6365403385077174,,,"","",,,,,42,85,64
2023-01-08,2022,0,,OAK,KC,1455.46674725315,1660.13013633389,0.3091775591010996,0.6908224408989003,,,,,Derek Carr,Patrick Mahomes,138.99782943241996,276.8933217810157,-8.59295786783149,16.6523995646141,0.3187674621680963,0.6812325378319037,,,"","",,,,,71,66,69
2023-01-08,2022,0,,ATL,TB,1423.97761537458,1661.93602018655,0.26980175610846513,0.7301982438915349,,,,,Marcus Mariota,Tom Brady,125.5203414901986,212.9988072718001,-4.736466223095086,-3.7996871303334854,0.21314123625843054,0.7868587637415695,,,"","",,,,,43,32,38
2023-01-08,2022,0,,WSH,DAL,1450.49433804842,1543.12691207908,0.460317165193081,0.5396828348069189,,,,,Carson Wentz,Dak Prescott,141.14414676750795,174.23869398919962,4.618955384107354,-9.557345489875257,0.4826894797603322,0.5173105202396677,,,"","",,,,,50,92,71
2023-01-08,2022,0,,PIT,CLE,1511.8053739069,1499.8097891911,0.6090265514358798,0.3909734485641202,,,,,Mitch Trubisky,Deshaun Watson,152.11602553439093,228.79583248633287,-4.918817681645673,38.95239268566856,0.486130818585765,0.513869181414235,,,"","",,,,,49,90,70
2023-01-08,2022,0,,SEA,LAR,1508.3733109718,1583.67875663439,0.4851736193636555,0.5148263806363444,,,,,Geno Smith,Matthew Stafford,138.46668004649038,178.08428934355786,-6.471762184017911,-5.120551342468323,0.3855427979128186,0.6144572020871815,,,"","",,,,,38,86,62
2023-01-08,2022,0,,DEN,LAC,1457.78179720842,1512.68127363981,0.514531728225216,0.485468271774784,,,,,Russell Wilson,Justin Herbert,152.43695401529232,230.03009511288508,0.46175956880096436,10.966232915183333,0.5211286882150075,0.47887131178499254,,,"","",,,,,68,94,81
2023-01-08,2022,0,,MIA,NYJ,1578.58252165171,1356.49066666668,0.8392466665323968,0.16075333346760323,,,,,Tua Tagovailoa,Zach Wilson,176.19392953603153,81.88119576250614,17.92161221452834,-21.118058518631248,0.8275345136774496,0.17246548632255043,,,"","",,,,,28,32,30
